county_fips,state,rurality,total_population,pop_65_plus,pct_65_plus,pct_seniors_living_alone,broadband_access_pct,primary_care_per_100k,home_health_agencies_per_10k_seniors,meals_on_wheels_coverage_pct,transit_access_score,senior_poverty_pct,medicare_advantage_pct,senior_food_insecurity_pct,senior_fall_hospitalizations_per_1k,caregiver_distance_gap_pct
1293,NC,Rural,11978,4062,33.92,25.0,86.77,32.31,1.05,41.87,17.96,11.26,49.25,14.47,23.83,53.53
1359,IL,Small town,37558,6151,16.38,29.04,85.12,52.85,3.19,42.25,46.24,9.19,60.2,17.88,16.0,50.5
1406,KY,Suburban,94926,11736,12.36,25.93,88.63,66.14,2.27,36.36,53.55,16.38,56.49,18.2,13.95,55.62
1546,NM,Suburban,140626,22627,16.09,18.52,87.06,71.91,1.13,26.97,36.12,9.8,37.2,11.37,11.81,44.93
1768,IL,Rural,10474,3250,31.04,32.93,43.98,27.15,0.58,24.44,3.18,10.72,70.12,21.21,23.62,36.28
1982,VA,Rural,11628,3138,26.99,10.57,54.54,13.98,1.62,62.2,11.98,5.22,65.22,9.95,15.16,50.65
1989,MO,Urban,130034,18592,14.3,24.32,93.08,107.04,1.93,39.6,98.0,9.13,39.38,14.04,15.9,42.98
2075,UT,Urban,125009,18495,14.79,23.28,87.76,96.44,1.42,53.75,71.96,11.17,69.14,12.88,15.64,46.73
2190,OH,Small town,5281,1114,21.09,27.89,71.57,47.84,0.86,57.39,14.71,9.08,56.58,12.04,16.4,29.62
2218,LA,Urban,200519,27445,13.69,30.37,94.54,88.26,2.63,32.25,58.27,8.65,49.81,13.33,20.92,31.09
2251,IL,Rural,12429,3282,26.41,33.76,81.63,5.0,3.36,43.93,33.2,11.74,57.01,17.29,17.5,81.91
2256,PA,Suburban,166763,28441,17.06,22.73,77.59,72.34,0.29,38.63,53.61,16.26,51.64,20.73,21.38,34.81
2369,LA,Urban,305604,42099,13.78,30.52,94.68,102.3,0.36,21.8,50.59,11.05,59.63,14.45,15.46,36.76
2382,IN,Rural,5034,1148,22.81,28.17,51.29,30.33,1.64,35.4,16.34,14.85,54.62,14.41,12.49,37.59
2697,WA,Urban,277537,37497,13.51,16.73,92.07,87.12,4.16,46.23,79.55,12.86,47.28,17.34,19.06,27.5
2757,MO,Suburban,104847,21944,20.93,38.4,90.23,52.2,0.22,31.01,63.37,14.62,23.64,18.12,22.94,42.73
2910,AZ,Urban,294926,31547,10.7,18.37,95.23,77.94,0.64,33.45,95.0,8.18,59.38,14.87,12.97,31.95
3052,MT,Urban,325837,41975,12.88,29.52,95.18,91.09,1.98,35.57,98.0,9.71,46.77,15.57,11.71,22.27
3060,MS,Urban,81487,11837,14.53,29.34,99.0,93.38,1.59,67.56,68.73,9.73,62.89,14.61,9.39,24.08
3291,UT,Urban,289724,52048,17.97,28.65,89.18,102.32,1.95,12.32,81.42,12.58,58.74,16.28,22.52,26.78
3412,OK,Urban,213685,31101,14.55,24.03,88.06,81.22,2.52,45.02,73.18,13.51,47.13,15.95,11.83,39.43
3466,GA,Urban,192065,33533,17.46,31.96,89.11,82.02,5.71,34.45,63.15,10.98,66.32,18.07,11.76,39.69
3473,DE,Small town,32688,6861,20.99,17.64,81.09,48.86,1.37,29.03,13.11,13.83,54.87,22.1,17.62,44.17
4210,NM,Rural,5842,1106,18.93,26.61,62.04,5.0,3.15,34.11,19.22,8.36,54.29,14.79,15.81,55.5
4513,AZ,Suburban,61985,10013,16.15,23.62,87.46,104.85,2.16,47.34,53.67,13.86,50.07,16.53,9.67,45.84
4576,KY,Suburban,41773,7403,17.72,22.94,84.12,43.86,1.23,48.14,47.42,14.36,75.57,17.38,21.36,62.09
4724,CT,Small town,29054,6422,22.11,29.57,73.06,39.22,2.81,40.6,10.57,13.07,42.01,14.58,20.87,52.48
4739,AK,Rural,18947,3187,16.82,33.46,70.99,38.76,1.66,53.3,2.0,11.01,47.48,17.32,18.52,79.36
5203,WA,Rural,8450,1761,20.85,24.94,54.28,8.3,1.88,55.76,11.6,13.21,34.68,17.39,21.09,63.94
5360,CA,Urban,264541,52452,19.83,31.68,94.36,88.96,2.32,49.43,76.39,7.1,62.17,12.79,14.04,25.68
5363,AL,Suburban,122038,19899,16.31,27.3,87.22,71.39,2.38,30.35,52.62,11.25,43.85,17.76,16.12,35.01
5452,WA,Suburban,36833,6918,18.78,21.64,77.7,68.73,0.79,44.92,67.64,11.64,45.42,15.7,13.03,42.6
5554,GA,Suburban,64516,10496,16.27,25.45,87.35,70.0,1.68,44.99,40.13,5.45,44.76,10.75,14.14,31.7
5646,TN,Small town,20009,4628,23.13,25.2,85.04,47.94,5.67,26.58,2.0,12.3,52.88,16.8,15.76,52.33
5649,AK,Small town,33208,6959,20.96,22.82,97.2,34.45,3.17,16.03,14.36,5.75,34.49,13.89,16.08,48.34
5731,DE,Urban,326069,33032,10.13,29.57,89.03,84.02,2.69,9.68,69.7,8.87,20.59,16.95,19.32,32.69
5825,CO,Suburban,80471,14070,17.48,28.41,68.09,67.91,1.18,38.98,34.72,10.65,58.41,17.34,19.47,36.78
5913,OK,Small town,41472,7848,18.92,17.46,80.76,45.7,1.17,42.17,6.52,7.72,22.41,13.82,13.65,48.62
5957,NY,Urban,330409,29954,9.07,17.09,89.95,51.92,3.95,21.46,87.86,10.81,63.96,14.15,12.18,43.52
5986,MO,Rural,10614,1959,18.46,29.55,39.04,20.38,0.38,52.64,20.45,10.75,73.82,15.31,20.2,72.2
6006,IL,Urban,340749,45401,13.32,22.11,92.68,71.52,1.36,40.13,87.58,7.38,49.7,14.86,23.09,21.09
6072,CA,Rural,7617,1959,25.72,28.81,55.89,7.79,4.34,56.89,28.44,12.66,70.19,17.27,18.05,80.31
6184,NH,Urban,101822,20261,19.9,31.69,93.61,102.46,1.36,43.19,59.79,7.6,51.66,14.79,13.94,36.13
6200,IL,Rural,16680,3709,22.24,19.37,50.72,15.65,3.06,23.07,21.14,19.19,74.39,18.45,19.91,53.81
6213,NJ,Rural,9972,2864,28.73,18.53,53.19,23.55,1.79,44.42,11.55,10.08,45.61,17.53,18.47,56.16
6306,OH,Rural,12621,2477,19.63,37.05,53.28,35.86,0.07,47.38,12.96,6.05,18.89,11.73,19.03,61.87
6352,TX,Rural,9556,2237,23.41,29.11,59.82,45.79,1.73,30.33,11.83,6.76,50.88,19.9,22.7,51.96
6692,MT,Rural,6360,1736,27.3,24.48,50.06,25.6,2.01,17.81,16.3,14.86,75.91,18.85,21.16,72.83
6830,AL,Small town,27663,6993,25.28,21.4,61.67,17.2,1.63,39.4,13.37,8.95,59.49,11.76,22.74,65.72
6843,IA,Rural,15461,3444,22.28,23.94,63.86,28.86,0.65,23.99,23.53,5.32,44.79,13.59,21.29,53.45
6931,TX,Urban,209580,31325,14.95,19.86,95.25,92.82,1.64,53.69,59.1,13.74,56.6,18.43,16.63,16.32
6977,NV,Small town,33719,6749,20.02,32.3,73.97,50.66,0.24,32.3,37.03,8.92,65.6,13.69,24.29,48.29
7008,NY,Small town,28176,5827,20.68,22.34,81.59,37.45,1.35,62.14,33.85,12.98,50.8,12.46,22.96,52.03
7261,MS,Rural,17020,4158,24.43,33.56,72.58,30.22,3.23,8.26,14.84,14.06,88.0,14.02,28.7,64.12
7305,DE,Small town,29559,4508,15.25,24.6,81.65,44.9,5.46,39.89,3.0,11.54,44.76,16.97,22.31,44.93
7385,VT,Suburban,81522,9980,12.24,20.74,89.68,57.6,4.86,58.01,76.24,19.6,66.04,14.46,14.11,41.05
7496,RI,Small town,11998,2026,16.89,24.44,73.89,66.71,0.75,25.54,25.55,3.95,62.67,8.96,19.24,38.06
7544,WY,Suburban,138549,30071,21.7,11.25,88.99,74.22,0.46,35.77,31.59,7.39,42.2,15.3,16.19,29.55
7545,TX,Urban,1500,237,15.84,26.28,93.82,76.72,2.16,32.36,70.32,9.53,46.06,14.25,22.47,43.63
7707,KS,Small town,1500,333,22.22,25.98,75.38,79.66,1.91,28.43,31.08,19.09,66.25,16.9,12.09,59.25
7758,IN,Small town,30464,5912,19.41,31.95,83.44,42.27,2.9,41.42,21.24,17.33,54.03,16.7,21.31,29.85
7812,IN,Suburban,117777,19625,16.66,15.68,72.79,66.98,1.09,19.86,63.14,15.4,56.73,13.48,12.56,22.21
7951,WA,Suburban,114991,24934,21.68,33.97,88.08,72.9,1.95,36.45,67.79,7.48,29.1,15.2,19.01,45.71
8023,NH,Suburban,103922,17084,16.44,31.92,95.72,69.56,1.87,45.22,66.25,7.93,61.18,12.15,16.42,42.13
8052,MS,Suburban,134166,28068,20.92,34.51,94.64,73.12,1.39,34.99,56.35,7.35,56.02,12.6,18.96,36.96
8152,WI,Suburban,37582,6785,18.06,26.68,88.34,68.06,0.35,24.0,52.94,7.52,51.11,14.88,11.57,29.77
8214,NM,Rural,8212,1885,22.97,33.08,52.48,37.17,3.2,52.42,6.59,16.17,57.05,16.83,22.72,79.51
8257,VA,Suburban,46825,6083,12.99,18.17,82.19,40.59,2.17,48.22,59.04,9.57,46.27,13.07,18.15,48.94
8278,WY,Rural,5105,964,18.88,31.28,64.68,10.76,3.36,23.42,10.97,10.08,43.71,10.06,22.31,77.7
8693,AR,Rural,1701,414,24.35,22.37,48.16,44.44,3.95,19.88,8.94,13.44,48.61,17.3,24.58,61.37
8695,ME,Small town,16075,2824,17.57,17.09,69.89,61.95,1.75,24.67,12.69,4.18,45.5,12.87,14.22,45.06
8719,OR,Suburban,158236,23035,14.56,20.26,90.54,89.63,3.21,45.63,44.9,10.7,82.53,13.99,15.02,37.76
8720,SD,Small town,39071,7940,20.32,27.03,57.97,56.98,5.55,41.86,59.33,6.33,64.77,10.94,17.8,65.75
8725,DE,Rural,10834,2624,24.23,22.05,71.8,42.8,6.78,49.06,32.27,9.38,38.44,14.78,18.53,79.29
8776,KY,Rural,7557,1108,14.66,29.26,32.17,14.16,2.38,33.43,21.39,8.27,80.51,15.51,28.98,63.24
8921,NV,Rural,12543,2339,18.65,16.15,82.22,21.85,2.52,25.05,24.1,8.08,45.94,14.47,18.85,63.49
8956,SD,Small town,11450,1904,16.63,14.24,68.1,65.82,2.35,50.86,39.19,11.36,52.41,19.64,12.83,25.19
9158,CO,Small town,16067,3129,19.48,35.23,71.64,34.21,2.82,30.25,25.81,11.34,64.56,17.3,27.05,34.81
9340,NM,Suburban,9866,2152,21.82,32.42,91.26,21.55,3.83,40.61,48.28,9.66,24.42,14.6,20.01,38.09
9342,KS,Rural,18092,5172,28.59,20.7,66.71,69.23,2.31,16.3,8.06,11.91,48.68,17.61,9.9,58.31
9384,ID,Suburban,114803,16896,14.72,26.98,90.98,81.51,6.52,30.02,67.15,7.2,43.97,14.0,12.88,28.75
9438,NE,Rural,11249,2172,19.31,33.12,69.97,19.18,5.91,52.13,21.69,13.09,54.87,16.35,17.02,26.95
9493,MI,Rural,1500,412,27.48,29.52,64.23,12.44,2.0,27.97,23.81,9.72,57.18,18.13,15.08,59.8
9845,NC,Urban,225511,26304,11.66,27.89,91.37,97.33,2.0,49.4,76.25,8.66,50.92,12.22,13.08,42.22
9864,KY,Small town,41907,8966,21.4,33.57,69.68,40.72,1.3,5.37,16.78,7.48,50.27,14.05,19.48,40.37
9878,TN,Urban,543415,75048,13.81,22.62,89.47,97.06,2.94,30.17,77.71,9.58,66.91,17.81,17.71,41.22
10061,AR,Rural,10750,3334,31.01,27.19,68.81,33.42,1.49,35.6,2.0,17.61,56.22,18.82,21.56,58.1
10095,UT,Urban,426641,47588,11.15,26.89,92.66,87.93,1.25,62.4,58.55,10.26,52.58,14.18,16.99,29.84
10136,AK,Rural,1500,369,24.62,25.36,89.33,51.82,2.89,21.63,16.3,6.15,54.07,9.2,14.48,59.66
10150,PA,Urban,299340,38356,12.81,24.66,93.97,112.55,0.71,47.39,86.94,13.99,77.7,10.92,15.74,45.93
10191,LA,Rural,15457,4105,26.56,27.44,75.95,26.57,3.87,52.8,16.18,8.71,54.42,19.67,24.81,81.27
10391,MD,Rural,15705,2723,17.34,27.21,58.32,35.67,2.97,27.9,17.75,11.58,44.8,16.4,20.56,53.98
10593,AL,Small town,10635,2218,20.86,20.71,71.93,59.13,5.7,32.77,21.02,8.2,25.27,12.82,17.8,61.55
10643,OK,Rural,9207,1813,19.7,31.81,49.74,43.33,2.41,39.98,3.19,15.37,31.92,18.02,14.83,48.97
10731,FL,Rural,14976,3659,24.43,21.14,65.51,33.14,3.31,17.26,11.72,8.26,45.46,11.93,22.16,68.2
10868,ND,Rural,16570,3641,21.98,25.69,54.96,40.61,3.62,31.63,17.69,15.81,50.48,16.5,24.79,65.8
10879,OR,Suburban,47690,10083,21.14,25.23,95.86,69.93,4.6,55.87,56.5,6.51,44.22,11.25,17.27,23.39
10947,TX,Small town,25925,5561,21.45,29.15,77.32,32.46,2.21,45.32,30.26,9.39,56.92,11.22,17.64,28.12
10989,OK,Urban,121364,17769,14.64,14.29,97.36,73.27,1.29,35.81,76.81,15.82,44.04,12.07,13.66,19.69
11049,KS,Small town,27611,5449,19.74,32.35,62.9,45.44,2.45,39.58,47.49,11.14,39.2,11.46,17.7,46.15
11361,PA,Urban,423415,81260,19.19,22.94,91.5,107.79,3.87,46.13,78.52,19.13,60.58,21.21,11.51,24.9
11430,TN,Small town,25647,3140,12.25,34.32,60.82,34.98,4.23,48.81,20.1,9.48,71.17,12.32,22.57,63.53
11714,KY,Small town,23894,4595,19.23,24.13,65.65,30.09,0.35,30.21,23.0,11.48,36.5,16.93,20.14,62.46
11813,CT,Small town,11117,2162,19.45,26.71,83.27,51.37,10.69,59.49,12.97,17.74,55.41,20.49,21.36,40.45
11997,VT,Small town,4267,829,19.44,38.48,85.39,17.45,1.26,56.43,22.42,4.75,25.33,12.94,23.62,57.0
12004,DE,Rural,9823,2452,24.97,25.34,58.59,40.72,3.35,47.48,35.24,4.28,31.36,11.96,15.47,45.44
12090,NM,Rural,8670,2401,27.7,34.43,72.17,21.08,4.96,26.2,8.46,7.48,43.76,14.32,19.68,48.45
12139,IL,Small town,12566,2150,17.11,27.23,71.31,50.87,1.86,23.72,23.34,13.59,67.89,15.39,16.0,56.87
12160,CT,Small town,27586,2995,10.86,29.49,77.27,19.76,4.35,33.43,12.79,4.38,41.1,15.76,20.14,61.66
12812,SC,Rural,4663,560,12.03,27.42,53.99,21.74,0.35,38.85,26.06,12.77,40.57,20.8,26.61,57.83
13298,DE,Urban,179609,19492,10.85,32.09,88.62,109.2,4.46,13.24,66.25,12.5,52.51,19.63,20.87,39.35
13490,ND,Urban,422236,70175,16.62,22.89,96.11,84.65,4.09,44.93,66.78,18.15,52.52,12.88,17.54,31.6
13509,OH,Urban,279250,35838,12.83,21.1,93.55,104.54,2.68,56.02,71.09,14.47,41.01,15.7,13.17,26.38
13642,AZ,Rural,13355,3553,26.61,23.17,70.47,24.75,3.88,46.07,4.21,11.88,79.81,15.76,14.68,64.72
13672,FL,Small town,14155,2869,20.27,27.6,73.46,31.15,6.02,28.54,32.66,15.66,48.28,18.42,20.37,47.96
13806,SC,Rural,10529,3031,28.8,25.68,68.51,50.49,5.07,26.88,2.0,12.55,53.59,11.7,15.0,56.71
13877,MT,Rural,11070,2399,21.67,31.26,68.42,23.27,1.95,42.2,12.4,8.75,46.38,10.14,26.48,60.26
14016,CO,Suburban,17058,3939,23.1,34.83,77.76,64.02,2.43,35.85,28.9,6.15,58.16,16.73,12.43,42.58
14143,WY,Rural,9372,2368,25.28,21.14,49.68,21.08,1.7,44.2,12.04,8.34,69.29,12.94,20.78,55.11
14187,IN,Rural,15345,4566,29.76,22.6,50.38,20.92,1.52,46.42,40.31,10.35,75.29,11.42,16.61,45.67
14264,AL,Suburban,45675,6669,14.6,18.38,96.87,71.86,3.61,53.29,49.51,11.17,41.33,12.71,14.93,45.12
14424,WA,Suburban,69501,10674,15.36,39.18,81.89,58.96,1.68,22.15,47.77,3.0,67.41,13.18,21.44,32.93
14513,AL,Suburban,27610,4652,16.85,28.83,87.31,83.23,3.6,41.1,31.11,9.67,59.7,12.81,19.19,45.51
14790,NH,Urban,251020,30969,12.34,29.88,92.68,105.63,1.86,32.91,72.25,10.61,65.64,15.85,13.77,44.75
15090,WY,Urban,345391,56448,16.34,18.96,95.74,87.13,2.08,36.62,80.2,12.58,50.71,13.59,16.49,25.45
15375,NJ,Rural,12208,2647,21.68,26.99,51.44,6.56,0.98,50.1,15.6,16.68,49.38,13.31,19.16,54.0
15447,NJ,Small town,29135,6389,21.93,30.06,66.5,43.02,3.54,51.62,13.76,11.21,65.1,19.04,19.88,53.47
15506,MA,Suburban,110364,27015,24.48,25.48,92.1,55.44,0.33,57.58,31.78,7.04,65.37,14.81,20.85,24.8
15635,CT,Rural,14570,3115,21.38,33.45,42.29,24.83,4.58,43.96,4.72,3.59,73.92,11.6,22.14,68.11
15696,NJ,Small town,18345,4194,22.86,40.87,70.71,52.56,8.24,36.46,52.93,13.11,54.78,14.94,18.02,60.75
15986,VT,Rural,1500,424,28.31,21.32,55.95,22.64,2.14,34.46,14.89,7.2,50.5,17.54,18.36,53.91
16184,CA,Rural,13672,4307,31.51,20.87,62.56,27.43,2.07,13.71,7.62,13.79,17.56,18.0,22.44,28.71
16223,VT,Small town,31079,6830,21.98,21.73,79.95,50.62,0.47,56.76,33.41,15.81,29.44,20.19,13.34,56.03
16234,MI,Suburban,140971,34190,24.25,36.64,81.75,62.62,1.33,33.49,33.29,4.63,46.48,11.39,15.13,57.03
16254,NV,Rural,8604,1957,22.76,33.25,64.84,18.88,3.91,45.08,21.98,12.6,36.59,16.17,23.53,33.92
16374,FL,Rural,9921,2530,25.51,26.19,70.38,29.91,4.3,47.51,13.31,15.41,63.4,18.17,17.95,55.06
16441,NY,Rural,14305,3215,22.48,27.22,55.76,18.07,2.35,20.57,28.6,14.37,33.66,15.37,15.5,60.17
16481,FL,Urban,334086,47145,14.11,22.1,86.96,98.44,3.75,25.07,52.2,3.0,44.98,11.96,18.12,39.99
16489,IA,Rural,4532,826,18.24,32.34,63.02,34.18,1.0,59.66,15.74,7.26,45.53,12.44,16.22,75.43
16664,OR,Small town,15432,3775,24.47,24.72,71.48,26.25,2.77,42.07,31.46,5.64,68.87,14.25,18.86,30.89
16768,AZ,Urban,406427,43756,10.77,25.44,92.92,118.26,5.4,29.87,59.4,12.49,43.48,12.69,10.14,30.86
16849,MN,Small town,30536,6139,20.1,30.65,66.34,31.7,3.17,36.23,30.6,12.07,58.33,17.26,18.97,61.71
16871,NM,Rural,1500,351,23.44,25.87,46.22,34.54,5.96,53.21,31.35,3.0,54.74,12.98,15.97,75.78
16955,CT,Urban,217399,37041,17.04,25.59,89.23,77.71,6.08,51.08,61.87,9.36,64.65,14.23,18.07,43.18
17014,KS,Small town,38934,6910,17.75,27.06,71.45,37.99,2.9,17.47,24.7,13.54,63.9,17.54,19.36,41.66
17161,LA,Rural,7234,1447,20.0,31.77,60.23,24.36,0.02,60.88,14.81,11.06,51.53,14.51,24.21,50.4
17225,ND,Suburban,59486,6806,11.44,36.88,88.63,75.91,4.24,51.53,43.49,11.06,28.25,13.75,15.28,40.06
17323,WI,Small town,24889,4447,17.87,30.51,77.24,40.4,0.64,35.87,29.7,9.11,48.76,16.0,26.76,61.7
17448,TN,Small town,28752,6884,23.94,31.82,72.73,43.14,0.08,21.32,28.51,6.48,51.72,15.06,12.61,59.55
17513,GA,Suburban,10035,1494,14.9,25.8,79.23,48.33,0.27,52.76,20.0,10.44,56.0,13.91,12.41,45.86
17566,AL,Rural,5529,1951,35.29,22.75,53.68,27.16,4.45,44.67,19.4,10.7,41.67,13.8,25.33,60.13
17597,AZ,Rural,16458,4222,25.66,30.92,41.09,18.14,2.92,17.59,30.81,12.84,67.97,15.68,22.8,33.2
17634,NM,Urban,304038,45100,14.83,28.03,99.0,98.46,2.4,34.75,66.15,13.15,52.19,14.88,15.47,40.81
17731,DE,Rural,5926,1351,22.81,18.46,59.99,5.0,3.13,81.77,33.07,10.83,39.11,19.14,21.83,50.92
17842,IL,Rural,15918,3709,23.3,25.03,38.25,20.23,0.29,38.23,17.47,14.66,45.58,17.66,22.09,56.37
17991,TX,Suburban,142897,28802,20.16,26.5,84.41,53.07,1.69,27.61,60.63,9.08,79.0,14.67,18.73,22.98
18062,UT,Rural,6515,2037,31.28,23.94,57.32,15.64,1.15,23.88,5.96,5.01,61.3,10.67,16.91,53.75
18082,TX,Urban,217581,33489,15.39,35.89,96.92,85.08,2.26,62.81,68.04,12.31,66.68,17.77,19.39,30.74
18194,IN,Rural,15088,3103,20.57,29.88,53.3,21.32,2.32,49.87,2.0,10.98,37.42,13.86,23.04,39.61
18270,NY,Rural,15597,4139,26.54,35.24,48.38,27.61,3.03,57.7,10.26,12.39,42.36,14.32,26.03,50.58
18377,NM,Rural,5324,1057,19.86,28.58,48.75,35.14,3.37,41.47,11.63,5.7,42.46,15.21,25.6,54.44
18390,GA,Urban,1500,223,14.92,27.49,99.0,79.54,0.31,55.56,69.8,17.31,54.58,18.89,16.87,32.09
18457,NH,Rural,9405,1418,15.08,21.38,58.23,29.11,1.71,26.12,20.73,13.2,49.56,10.02,14.53,58.34
18638,NE,Urban,218431,26923,12.33,27.07,98.08,51.8,2.03,40.28,95.74,9.41,45.15,14.37,24.07,42.45
18652,MA,Suburban,96567,14525,15.04,27.08,91.35,45.57,0.62,42.02,32.2,6.95,46.9,14.09,14.8,37.17
18681,PA,Urban,415804,51730,12.44,18.8,95.75,76.33,0.56,57.35,61.39,14.59,40.88,15.99,15.85,31.69
18935,OH,Rural,14130,3449,24.41,23.76,53.78,15.74,0.48,42.46,17.2,6.31,49.48,13.93,19.36,38.09
19157,NV,Suburban,138803,18221,13.13,25.06,85.88,74.74,3.73,29.24,29.77,19.09,67.59,14.11,14.22,45.47
19176,OR,Rural,7518,665,8.85,29.48,48.75,23.37,0.38,38.9,7.69,8.17,30.82,7.19,23.18,61.63
19251,RI,Rural,8037,1470,18.3,29.77,51.3,26.76,0.46,14.53,15.13,17.04,56.85,15.38,21.13,45.54
19399,NH,Urban,239344,36723,15.34,23.51,93.46,77.62,2.19,5.51,59.28,9.8,71.32,15.63,17.06,33.13
19401,IA,Urban,250455,47412,18.93,29.81,94.34,89.31,2.76,49.64,87.04,16.51,49.44,9.54,12.42,34.87
19472,RI,Urban,456255,61717,13.53,25.91,90.35,78.63,1.98,32.75,64.88,7.71,44.6,11.97,14.94,36.92
19657,OR,Small town,24013,7705,32.09,10.0,69.83,69.24,0.76,34.34,22.18,10.57,64.94,10.42,11.22,61.34
19858,WY,Rural,4637,1250,26.96,24.09,47.08,6.49,0.57,49.63,19.15,13.56,38.22,15.82,20.35,69.72
20094,DE,Suburban,119177,17945,15.06,33.47,85.74,79.7,2.14,57.56,51.95,13.02,51.68,21.1,16.18,39.22
20128,MI,Rural,15511,3538,22.81,16.91,55.47,41.0,1.81,45.48,20.09,14.68,37.44,16.33,23.66,56.57
20515,WA,Urban,332812,49691,14.93,27.68,84.05,107.06,1.46,64.99,66.04,8.65,25.82,14.19,12.63,28.52
20916,NE,Rural,16381,3724,22.74,36.51,77.31,23.0,3.62,45.04,5.46,10.82,49.87,17.43,14.15,61.11
21019,WV,Rural,6688,1307,19.56,22.44,64.8,16.68,1.72,42.23,11.74,15.24,34.31,17.15,24.86,76.33
21031,AL,Rural,10310,2450,23.77,27.01,69.68,28.97,0.52,41.37,27.48,7.82,51.84,13.59,21.26,60.0
21161,AK,Rural,19767,4336,21.94,19.18,63.22,30.97,1.46,20.0,15.47,12.68,67.61,18.39,17.89,45.75
21182,SD,Rural,4241,795,18.75,36.76,52.67,29.15,3.0,51.38,11.52,9.67,77.96,16.05,19.6,41.84
21213,ME,Urban,365518,42866,11.73,26.5,86.28,57.47,1.63,3.76,88.31,11.28,53.31,16.23,14.01,32.19
21392,NE,Suburban,114133,22324,19.56,27.28,78.92,53.96,2.96,29.79,27.77,10.82,66.27,14.98,24.51,40.45
21411,MI,Urban,182622,24955,13.66,35.13,94.4,83.81,3.4,38.32,68.59,7.5,57.59,13.14,16.7,27.71
21418,MA,Small town,30691,5402,17.6,30.97,75.81,28.26,1.72,26.94,28.11,9.51,46.64,17.1,14.25,34.8
21568,WV,Rural,6363,1439,22.62,21.75,68.21,30.41,1.97,31.68,4.89,11.05,25.05,14.58,19.93,60.21
21597,CA,Small town,31990,6802,21.26,23.12,68.37,29.19,1.55,63.75,18.57,10.11,74.77,18.12,23.3,43.32
21917,RI,Rural,4722,1101,23.32,29.97,61.02,48.15,3.01,53.46,11.76,16.48,37.31,14.97,19.14,61.65
21973,VT,Urban,1500,155,10.36,23.26,92.03,85.6,1.51,28.4,87.29,14.34,71.36,20.32,11.43,19.06
22329,ND,Rural,11024,2066,18.75,14.3,42.99,43.38,2.79,31.43,37.42,11.6,59.52,16.82,13.16,52.69
22885,MA,Suburban,197412,33648,17.04,26.68,87.72,56.38,2.35,20.12,75.16,7.6,38.34,11.62,14.23,27.13
23151,DE,Suburban,40493,7372,18.21,18.12,82.18,88.77,0.27,47.87,69.11,7.37,56.37,15.22,18.89,49.4
23370,OH,Rural,7436,1899,25.55,36.7,53.01,42.8,2.91,34.5,9.84,18.0,81.86,16.57,19.78,52.84
23488,MS,Rural,2570,510,19.87,28.06,62.05,24.48,2.19,10.47,8.8,6.66,73.5,13.75,14.32,46.21
23524,DE,Small town,35259,6773,19.21,21.57,65.53,53.47,4.7,39.41,21.46,10.93,44.82,14.16,18.25,53.62
23581,ME,Urban,146698,21786,14.85,22.81,91.62,104.35,0.66,44.15,80.82,11.87,42.03,15.42,13.52,30.19
23615,WI,Small town,61751,9891,16.02,15.66,68.23,41.63,2.38,51.48,43.89,9.32,53.4,17.08,15.4,41.22
23710,IA,Urban,466209,58047,12.45,20.4,91.26,72.5,1.34,36.97,68.98,6.69,49.68,14.97,11.64,22.85
23888,FL,Rural,8910,2792,31.34,33.1,41.59,41.59,0.31,32.78,26.16,7.52,68.8,11.19,15.86,61.01
23956,OH,Rural,6049,1177,19.46,40.39,79.49,39.08,0.2,65.81,10.63,8.42,62.35,11.7,24.69,62.95
24007,GA,Urban,112095,18675,16.66,31.36,89.78,88.77,5.36,38.09,76.62,7.8,28.31,14.8,16.42,43.25
24017,WA,Urban,21024,3305,15.72,26.45,93.54,107.21,2.39,48.07,67.84,15.55,58.42,18.08,15.02,35.53
24070,UT,Suburban,96080,17968,18.7,24.41,84.12,60.11,1.68,30.45,19.6,10.47,49.49,13.5,17.66,30.88
24443,WY,Rural,11183,2648,23.68,21.26,52.14,21.91,0.42,47.66,2.0,8.51,52.52,18.38,20.53,65.53
24784,VA,Small town,32020,5203,16.25,39.36,89.93,43.34,5.15,17.62,31.59,10.91,55.49,17.4,18.75,28.62
24785,IL,Rural,10644,3080,28.94,25.87,74.63,30.8,1.05,31.53,12.21,13.04,68.78,14.65,18.65,82.0
24835,ID,Small town,33772,7238,21.43,39.69,70.76,5.1,2.47,21.08,33.9,9.19,65.69,12.87,27.57,38.69
24873,LA,Small town,34092,7220,21.18,35.36,68.42,40.43,2.12,29.53,12.69,13.93,41.5,16.0,24.97,75.23
24881,MO,Urban,293945,45760,15.57,16.56,92.93,77.75,6.84,55.51,29.64,5.67,51.18,12.44,9.94,21.55
24907,VT,Rural,11042,1995,18.07,23.0,58.89,40.09,1.94,29.43,13.08,14.95,45.72,20.12,17.46,71.52
24950,OR,Suburban,22469,3392,15.1,22.99,86.22,68.48,1.26,48.06,64.88,10.47,28.45,17.65,18.86,31.92
24957,NC,Small town,30813,6248,20.28,26.52,58.33,54.74,2.41,59.24,37.66,10.32,50.47,15.21,24.14,30.52
25039,VT,Rural,13480,2722,20.2,26.64,52.71,40.59,2.61,37.61,8.78,7.87,77.83,15.84,24.94,41.61
25063,NC,Small town,15971,4511,28.25,44.98,68.41,44.63,10.08,51.91,25.39,5.83,28.03,15.39,18.34,52.45
25158,MD,Rural,2315,464,20.08,20.54,60.45,18.72,1.91,45.44,7.19,4.17,51.66,12.81,24.0,39.69
25160,MI,Urban,84833,8975,10.58,28.37,85.06,57.65,0.63,39.63,63.66,7.6,51.21,15.05,17.8,35.2
25199,NE,Small town,26538,5678,21.4,30.7,79.37,26.66,1.46,48.5,29.02,12.73,56.03,17.58,24.08,41.76
25284,CA,Small town,22378,4187,18.71,26.99,62.22,37.13,2.41,63.76,9.91,6.85,38.52,14.96,21.79,59.23
25408,PA,Small town,52131,9098,17.45,27.66,85.44,39.78,2.75,29.08,27.99,4.62,32.05,10.9,14.49,54.47
25533,NC,Urban,233081,24694,10.59,20.73,88.42,70.83,0.38,24.57,65.99,7.05,32.7,12.12,17.32,42.96
25559,OR,Urban,433813,45311,10.44,27.64,99.0,89.44,1.31,23.75,57.86,9.04,70.63,13.89,18.46,18.87
25606,NV,Suburban,19236,3220,16.74,30.07,91.13,90.6,6.57,51.92,58.3,9.19,38.24,12.91,15.14,43.46
25607,SC,Suburban,27812,3110,11.18,28.97,78.04,73.42,0.87,53.81,55.86,10.01,45.01,11.32,15.56,31.97
25735,WV,Small town,28441,4689,16.49,30.42,77.61,38.73,3.68,30.48,43.46,14.42,81.46,18.46,13.91,65.51
25792,NH,Small town,30076,7360,24.47,35.48,67.52,56.36,1.5,8.1,25.1,15.25,41.72,17.96,21.16,48.04
25796,MN,Small town,5724,975,17.05,32.62,62.21,53.98,2.0,28.55,25.94,18.12,56.79,14.9,19.26,25.48
26088,CO,Small town,25836,5423,20.99,27.43,69.4,61.33,0.44,45.67,18.0,4.33,66.89,12.13,13.93,57.34
26179,SC,Small town,28168,4017,14.26,19.97,67.81,40.37,1.62,37.07,16.81,7.25,66.22,13.44,16.58,43.12
26261,VA,Suburban,11802,1630,13.81,23.4,81.51,49.5,2.39,40.52,46.72,13.15,33.36,16.72,18.04,31.92
26323,OK,Small town,18239,3850,21.11,25.68,80.55,25.9,1.93,30.67,20.45,8.77,42.01,11.81,17.77,32.02
26424,UT,Suburban,39242,6611,16.85,28.51,94.94,70.52,1.71,52.2,82.89,13.77,56.23,13.12,16.59,54.47
26483,UT,Urban,191656,32406,16.91,24.13,96.58,80.97,3.02,42.8,67.78,11.29,79.01,16.81,8.97,31.72
26486,SD,Small town,29089,6368,21.89,21.39,60.07,45.13,0.57,46.21,18.55,16.5,41.34,13.77,22.27,65.33
26497,MT,Small town,35257,9667,27.42,19.87,86.54,61.83,2.47,40.23,22.24,14.46,45.09,16.2,16.04,43.26
26691,CA,Suburban,100657,18689,18.57,17.09,85.62,84.2,0.18,45.34,38.21,14.53,57.87,16.0,9.93,45.36
26712,AL,Small town,24467,4673,19.1,25.59,71.99,38.33,4.41,44.42,27.42,8.93,60.68,14.27,10.11,62.51
26727,ID,Small town,22526,4512,20.03,18.18,67.59,41.98,1.75,25.01,21.66,10.13,61.52,15.68,20.92,47.19
26846,MN,Rural,1500,321,21.43,21.0,67.18,41.75,3.5,43.22,9.63,9.34,40.15,18.73,19.71,65.71
26847,PA,Small town,35330,8453,23.93,24.64,79.21,38.31,0.05,49.08,29.03,4.78,44.55,8.91,19.32,33.9
26932,MS,Rural,8489,2163,25.48,18.98,58.48,22.69,3.16,54.17,3.84,16.09,55.02,19.63,22.01,62.16
26957,AK,Suburban,63856,11756,18.41,29.28,82.25,65.01,1.02,43.83,38.43,13.33,69.67,10.05,20.15,29.73
27063,ID,Rural,12179,2493,20.48,31.44,44.46,20.07,2.01,24.49,20.2,9.19,48.66,18.16,21.74,52.34
27185,WI,Small town,43500,9543,21.94,23.7,73.66,61.48,3.19,26.64,26.52,15.46,51.69,12.08,15.7,42.07
27548,WY,Small town,49339,9637,19.53,24.38,64.96,46.27,1.87,31.91,3.39,8.1,37.64,20.33,16.44,43.38
27788,MD,Small town,17603,3446,19.58,30.22,63.08,34.64,2.92,40.65,26.33,3.52,78.09,11.43,21.19,48.73
27894,SD,Suburban,95696,13797,14.42,22.72,84.27,71.13,1.52,36.29,46.65,14.33,54.16,19.96,20.56,34.19
28011,OR,Small town,28135,6818,24.23,22.3,68.06,36.81,4.66,22.27,16.8,5.64,67.09,15.97,17.99,44.7
28124,WA,Rural,9728,2080,21.39,34.18,53.54,43.46,1.75,22.18,8.76,9.76,52.42,13.81,24.77,70.91
28192,VT,Rural,13677,3322,24.29,32.31,56.98,29.8,1.78,8.62,11.44,11.28,53.19,14.61,21.72,68.91
28251,NY,Rural,4112,974,23.7,30.61,47.5,21.96,1.81,3.0,2.0,11.96,31.0,13.69,22.12,45.87
28282,MA,Small town,29112,7476,25.68,32.55,85.64,24.02,1.97,36.16,41.1,13.72,21.89,18.46,29.33,45.9
28376,NY,Small town,18779,4112,21.9,15.14,82.1,77.05,0.6,70.48,16.86,12.71,69.53,15.02,19.84,44.06
28401,KY,Rural,1500,341,22.77,35.12,64.92,30.5,0.84,63.15,23.76,12.59,53.09,13.99,26.65,46.36
28477,ME,Suburban,176532,34836,19.73,29.35,90.55,91.64,3.87,24.3,85.1,7.5,54.89,15.34,12.23,37.08
28484,NM,Rural,6365,1534,24.11,33.06,48.55,25.19,3.5,40.1,31.55,11.62,34.51,13.4,28.57,68.4
28542,NH,Small town,30811,6613,21.47,29.32,51.14,54.83,3.34,17.5,29.75,4.78,39.36,12.09,17.67,52.44
28563,NJ,Urban,337445,39526,11.71,27.29,85.16,81.08,2.73,19.63,46.49,16.44,66.87,17.84,14.76,22.78
28580,MD,Urban,180802,25028,13.84,25.35,89.83,111.81,1.29,21.24,74.03,5.17,76.36,11.46,5.25,41.23
28799,MI,Rural,17285,4228,24.46,29.2,46.75,14.2,1.18,34.84,2.0,9.18,43.3,13.44,22.34,77.99
28831,AL,Urban,317942,32964,10.37,25.13,86.66,65.48,1.9,35.45,52.75,5.49,61.4,17.03,12.69,33.86
28871,NM,Suburban,85910,12708,14.79,32.21,86.06,71.78,4.3,41.54,50.16,7.73,54.66,13.58,18.47,43.9
28983,NJ,Suburban,88612,16928,19.1,17.48,91.19,63.54,2.29,47.29,53.26,10.55,50.31,14.32,11.42,41.66
29251,WA,Urban,107904,12205,11.31,23.75,97.48,67.85,0.8,33.28,65.55,8.49,77.93,13.96,22.38,30.31
29351,MT,Suburban,25110,3986,15.88,39.27,96.85,66.18,0.48,38.51,52.38,14.85,45.66,18.08,20.48,48.91
29561,MS,Rural,8884,1888,21.25,23.24,62.57,33.63,3.58,22.69,12.92,11.36,69.37,12.96,26.73,57.76
29660,AR,Urban,154896,23798,15.36,25.57,84.57,67.41,5.24,19.18,54.74,8.74,57.34,15.56,12.81,39.14
29680,GA,Rural,4750,925,19.48,21.7,78.0,37.79,0.36,17.01,10.84,9.99,51.76,15.64,23.6,50.4
29980,LA,Rural,7941,2147,27.05,29.02,58.5,36.6,3.66,47.09,2.0,15.13,71.21,12.58,13.06,68.57
30216,MD,Suburban,53111,7956,14.98,22.58,79.78,71.16,2.69,33.27,47.89,13.95,56.06,21.07,16.37,45.43
30348,ME,Urban,436225,48512,11.12,25.89,96.54,95.11,0.99,11.8,88.13,6.17,50.65,17.12,12.01,33.98
30848,MA,Small town,42752,8596,20.11,32.09,59.68,51.05,2.31,37.12,37.87,7.91,71.31,12.16,17.11,51.82
30880,RI,Urban,129845,15410,11.87,22.81,96.53,95.22,0.68,20.52,87.82,12.3,69.49,13.12,11.95,32.92
31000,CT,Suburban,112796,13394,11.87,31.73,83.09,70.98,1.64,61.25,61.48,11.84,68.83,16.31,13.83,26.76
31023,LA,Rural,1500,339,22.65,31.93,29.9,37.32,1.99,29.9,8.51,6.51,12.0,10.04,15.35,43.87
31086,DE,Rural,13587,3010,22.15,33.33,44.54,27.72,4.62,47.54,26.68,13.35,58.16,19.75,19.18,64.92
31099,KY,Rural,14220,3432,24.14,27.84,63.6,22.16,1.58,53.25,3.74,7.11,54.97,12.67,20.76,71.72
31104,OH,Suburban,64035,7684,12.0,45.0,80.88,68.37,1.09,24.63,45.33,15.45,51.51,21.24,23.3,49.37
31472,AZ,Rural,6885,1202,17.46,33.33,63.12,26.09,2.54,39.06,14.42,12.51,60.54,13.94,21.9,65.48
31497,LA,Rural,8249,1507,18.27,28.95,68.88,43.57,2.98,45.75,16.2,6.2,55.65,13.2,22.89,51.49
31527,AK,Suburban,130178,27204,20.9,21.74,87.45,67.8,1.05,39.62,36.04,8.49,61.49,17.56,10.61,38.07
31542,WV,Small town,15561,2966,19.06,26.42,78.26,19.47,0.77,43.06,28.29,8.42,48.25,13.56,18.84,39.21
31561,OR,Urban,432015,59998,13.89,35.56,93.3,88.35,0.84,19.39,88.21,11.11,72.97,16.12,18.7,32.19
31586,IL,Suburban,60463,9955,16.47,37.26,92.04,57.09,4.64,45.76,38.15,9.72,62.91,17.62,20.17,29.9
31662,GA,Small town,1500,203,13.57,35.87,77.4,35.22,2.89,31.19,32.02,6.15,59.6,12.07,17.5,45.72
31781,CA,Urban,162953,21304,13.07,31.71,88.51,90.61,1.5,42.89,48.13,5.2,58.91,9.93,18.73,31.93
32073,MO,Urban,174581,25934,14.86,19.47,92.95,79.91,4.12,50.88,49.4,12.59,68.2,12.39,12.62,35.35
32113,PA,Rural,11874,2820,23.76,29.92,78.09,27.24,1.04,47.36,16.5,11.59,66.3,17.09,17.54,61.25
32121,NJ,Rural,10491,2816,26.84,19.55,49.37,37.69,1.85,42.88,2.0,10.9,50.42,16.33,19.57,33.64
32226,VT,Small town,41015,10372,25.29,18.08,87.62,40.16,0.67,46.99,25.26,11.53,65.86,18.27,17.47,70.2
32306,LA,Rural,12923,2654,20.54,28.43,45.51,19.35,3.99,47.64,12.17,8.15,54.44,13.57,18.84,38.18
32471,IA,Rural,5874,1398,23.81,30.14,58.87,34.87,0.97,58.94,32.11,11.2,78.84,11.9,17.73,73.25
32629,MO,Urban,261689,29491,11.27,32.42,94.27,67.84,0.99,37.52,64.11,20.15,67.37,13.18,13.64,22.71
32883,GA,Small town,29658,5447,18.37,29.98,69.3,60.28,2.58,40.3,17.44,14.96,43.24,24.16,16.24,59.24
32984,WI,Suburban,42428,7964,18.77,30.19,82.11,66.95,0.16,51.05,30.94,9.4,84.63,16.08,20.97,12.0
32987,GA,Urban,244052,31174,12.77,21.09,90.61,110.51,0.53,31.13,95.71,8.51,22.57,14.75,13.13,13.08
33152,MO,Rural,5876,1448,24.66,26.37,63.05,9.54,3.27,19.31,14.02,3.0,60.92,12.9,24.5,72.9
33347,NE,Small town,35301,6072,17.2,17.96,88.85,51.09,0.83,44.91,43.77,14.56,42.25,13.25,18.36,29.94
33527,AZ,Small town,25428,5390,21.2,14.98,71.57,46.84,8.33,35.12,50.27,13.49,78.35,14.41,14.31,48.9
33809,MS,Urban,328029,43356,13.22,31.44,91.58,89.42,2.22,21.09,68.42,8.43,55.54,18.73,9.74,26.83
33858,MS,Suburban,216430,41665,19.25,22.48,84.78,75.0,0.33,45.01,23.31,5.06,40.89,14.67,12.08,42.65
33993,IN,Rural,13354,3191,23.9,32.23,64.8,27.12,5.42,58.04,36.35,6.11,48.27,11.53,18.27,77.38
34183,CT,Urban,423921,55891,13.18,33.65,94.34,75.27,2.22,15.18,58.3,12.19,42.0,12.81,14.36,29.58
34198,AZ,Suburban,31709,5790,18.26,23.28,89.22,106.3,1.68,52.31,41.08,10.16,47.72,13.77,16.37,28.83
34358,AL,Suburban,166774,31083,18.64,30.54,99.0,74.21,2.21,3.0,52.92,13.13,47.4,15.46,19.99,41.95
34423,MO,Small town,29522,6311,21.38,23.03,61.49,21.49,0.33,32.4,19.27,10.83,41.48,20.45,27.43,57.45
34712,CA,Small town,1500,279,18.65,15.92,81.74,20.83,1.89,63.77,2.0,14.17,55.78,16.2,16.0,50.56
34833,WI,Small town,12662,2871,22.68,27.74,65.07,53.65,0.88,33.4,23.67,11.9,57.48,12.79,23.41,47.24
35230,IL,Urban,444408,38775,8.73,24.17,92.68,65.59,1.8,39.26,49.19,13.65,38.05,16.31,21.9,41.65
35530,NC,Suburban,39535,6636,16.79,24.36,91.85,75.68,1.32,48.68,39.22,3.0,28.78,12.86,14.74,24.67
35609,OH,Rural,4451,1030,23.14,38.85,71.83,25.93,2.12,13.97,6.92,5.81,56.35,10.12,23.36,60.65
35665,MT,Small town,42822,10675,24.93,17.84,82.39,44.09,1.5,39.01,42.38,9.12,59.45,15.65,21.44,53.55
35694,VT,Small town,28160,3129,11.11,29.3,71.72,51.14,1.25,38.9,27.85,14.6,62.22,19.86,18.05,42.75
35770,CO,Rural,11254,2157,19.17,21.03,72.99,34.33,0.79,64.07,17.92,17.65,59.72,18.41,17.88,40.76
35897,IL,Rural,13796,3367,24.41,32.45,58.51,6.67,0.34,20.7,17.05,9.88,74.02,12.96,20.09,53.97
35915,IN,Urban,257256,31253,12.15,28.79,91.78,64.91,0.26,32.66,68.59,8.18,65.96,12.95,8.82,24.3
35938,CT,Suburban,144579,19305,13.35,29.28,78.32,77.61,0.55,25.0,47.59,3.07,88.0,8.08,16.38,29.22
35944,KS,Small town,36369,6364,17.5,21.33,56.14,67.96,3.09,23.52,28.73,13.78,88.0,16.18,13.23,43.46
36050,KY,Suburban,18359,3144,17.13,22.41,80.26,76.44,0.75,53.78,54.52,8.41,27.39,15.14,11.43,30.81
36441,RI,Rural,6404,2043,31.92,32.56,50.73,37.17,1.08,38.37,27.3,21.74,21.24,17.46,21.34,67.65
36771,KS,Small town,9035,1937,21.45,37.62,66.39,40.1,1.08,30.22,54.3,7.69,51.9,18.93,15.31,58.89
37023,UT,Rural,15658,2385,15.23,29.88,79.31,19.77,1.34,30.75,7.93,18.5,59.06,20.38,23.67,57.76
37031,RI,Rural,8511,766,9.0,21.62,47.79,30.4,2.72,30.11,14.09,13.34,50.94,11.86,20.45,73.08
37298,VA,Small town,42432,7200,16.97,29.03,75.2,59.18,1.48,31.37,29.6,6.59,61.85,9.21,16.17,26.67
37363,CO,Rural,6676,1506,22.57,41.56,62.66,8.38,3.51,20.3,2.19,11.38,48.22,13.09,23.29,70.87
37421,WY,Small town,41979,8505,20.26,27.61,72.59,47.33,0.56,34.38,13.3,13.43,42.28,20.31,14.14,36.5
37435,NY,Rural,12040,2292,19.04,35.77,61.24,32.19,3.26,32.97,25.94,9.64,44.4,17.08,23.37,54.33
37487,WY,Suburban,75271,9048,12.02,22.56,78.49,63.91,4.99,27.39,57.98,13.68,49.2,20.53,16.88,29.95
37511,ME,Small town,18999,3361,17.69,26.75,75.46,61.21,1.87,40.17,29.67,13.6,63.81,16.47,17.98,59.16
37526,WV,Small town,21911,5668,25.87,30.72,57.91,51.39,0.7,41.36,42.67,12.77,45.19,15.58,20.2,43.28
37567,NJ,Urban,134157,19290,14.38,29.38,93.64,69.35,2.76,30.21,79.02,10.44,47.95,12.06,14.56,35.0
37597,AR,Suburban,88213,14151,16.04,22.4,95.42,81.68,1.9,35.98,52.85,6.04,59.98,14.29,9.46,54.64
37659,MI,Rural,13364,3400,25.44,22.14,50.81,16.68,2.41,68.22,14.72,10.21,49.22,14.59,23.29,62.64
37792,CT,Small town,1500,262,17.47,32.93,70.89,42.33,3.59,67.69,18.13,11.17,67.63,14.88,21.91,67.91
37870,WV,Urban,340462,55971,16.44,34.15,96.47,60.22,1.39,23.24,70.18,3.37,39.13,16.39,16.38,31.46
37942,KS,Suburban,94155,18782,19.95,36.07,91.94,44.05,1.21,25.2,33.2,11.14,36.09,15.14,21.27,26.59
38003,ID,Suburban,3558,324,9.12,37.82,98.59,72.79,9.42,23.17,70.92,10.13,56.26,18.38,22.2,38.86
38302,NH,Urban,130429,19840,15.21,27.81,88.15,62.31,2.78,52.8,67.49,5.57,57.66,9.26,21.12,20.87
38304,MI,Rural,1500,304,20.28,25.13,36.22,26.16,4.03,32.42,3.8,9.23,39.89,21.41,17.65,38.66
38316,CA,Small town,43492,9210,21.18,35.11,79.0,49.91,3.44,41.36,23.65,9.31,70.81,13.79,14.01,61.57
38568,TN,Suburban,133233,24261,18.21,31.28,77.32,65.13,4.07,65.96,45.16,17.83,78.95,19.9,12.82,27.15
38598,TX,Small town,37916,8016,21.14,21.11,75.15,37.69,2.47,37.85,28.15,11.34,43.21,17.7,17.01,49.21
38634,PA,Urban,346548,54127,15.62,20.8,93.87,68.19,3.73,47.89,96.77,14.44,72.82,15.53,20.73,41.89
38787,NY,Suburban,102321,15777,15.42,29.95,86.47,78.9,1.08,45.29,43.83,10.05,18.65,17.07,13.58,42.17
39215,MA,Rural,6597,1505,22.82,25.94,60.12,25.11,0.33,29.76,21.06,3.38,67.07,14.53,17.74,63.12
39329,NV,Small town,33953,6756,19.9,26.84,74.23,69.62,0.85,52.83,32.41,13.05,39.99,14.44,14.25,38.72
39354,NE,Rural,6591,816,12.39,33.44,57.81,30.23,1.69,26.1,11.56,8.0,65.67,12.45,18.69,42.8
39386,FL,Small town,24540,5434,22.15,31.55,67.14,43.76,1.51,56.76,31.02,9.22,38.54,14.8,19.14,48.24
39515,CA,Small town,32859,5948,18.1,34.98,71.5,27.45,1.91,29.78,38.82,6.5,51.04,13.31,16.52,58.44
39546,IN,Rural,12387,3172,25.61,15.41,46.76,35.63,1.03,31.31,2.0,10.78,40.66,18.79,21.21,59.98
39560,MS,Rural,12794,2149,16.8,28.52,54.67,5.0,0.19,22.76,19.93,14.55,49.01,18.58,21.32,71.0
39753,DE,Rural,2066,431,20.88,31.17,27.28,37.57,1.36,25.06,7.27,14.04,77.62,16.44,28.3,68.14
39816,CO,Rural,10345,2066,19.97,17.84,44.46,5.51,0.49,32.03,20.22,16.53,50.49,19.13,16.08,64.16
40379,TX,Rural,12041,3565,29.61,23.07,75.57,11.02,1.85,3.96,7.79,17.07,81.54,12.71,26.09,53.14
40461,MD,Rural,4359,887,20.36,21.96,67.96,21.83,2.56,34.73,13.52,3.0,46.6,10.66,24.37,62.88
40470,NJ,Urban,277452,45156,16.28,27.13,84.44,65.88,1.34,30.89,58.28,5.96,72.88,14.11,15.31,16.04
40493,NE,Rural,8476,1701,20.07,36.77,74.65,48.13,0.66,49.06,14.03,3.63,29.24,15.24,18.23,58.0
40603,PA,Small town,1500,354,23.66,39.14,54.19,47.86,1.99,43.92,23.3,12.9,47.99,16.66,16.77,33.76
40628,PA,Small town,45639,9881,21.65,22.11,48.98,54.79,9.76,28.09,43.55,7.87,44.49,17.79,13.7,39.72
40721,KS,Rural,1510,434,28.78,30.16,45.55,5.65,2.78,31.58,3.42,8.64,73.53,16.63,22.02,37.72
40762,TX,Rural,20222,2931,14.5,30.35,71.76,29.88,2.93,34.72,18.42,9.68,54.59,13.65,20.18,68.86
40815,MD,Rural,4881,833,17.08,29.33,58.77,21.41,1.22,58.8,15.58,11.95,22.77,15.43,15.03,47.18
41017,TN,Suburban,92583,21692,23.43,29.39,86.99,98.68,0.91,26.49,69.77,4.86,33.66,13.96,22.49,54.18
41199,MA,Rural,13367,2420,18.11,28.82,53.62,29.86,4.07,27.92,22.94,5.72,37.82,12.16,18.98,73.05
41499,CO,Rural,4519,874,19.35,37.13,81.67,22.35,0.11,22.2,12.41,10.5,65.08,19.03,21.96,76.05
41547,RI,Suburban,116039,24708,21.29,33.61,76.28,84.13,1.0,17.25,31.37,15.06,63.27,14.25,14.07,26.44
41564,AK,Urban,473139,62911,13.3,20.64,84.09,63.63,5.77,42.3,67.21,10.4,47.79,15.95,15.02,34.17
41641,RI,Urban,306226,40982,13.38,31.77,95.71,61.38,1.76,40.84,79.52,7.49,44.32,15.84,16.55,22.82
41677,AZ,Rural,10038,1848,18.42,32.35,45.72,17.45,0.39,55.96,24.49,3.0,62.03,11.42,21.4,74.94
41919,ID,Small town,40593,8159,20.1,28.89,84.45,23.94,2.62,52.58,13.77,14.12,36.19,15.3,20.32,35.25
41995,NM,Rural,9339,2317,24.82,33.79,45.6,31.66,1.34,71.56,23.31,7.7,58.41,13.89,23.3,76.02
42104,WV,Small town,45753,5886,12.86,28.13,87.97,17.12,0.29,36.97,12.73,6.14,57.22,15.49,21.6,60.28
42107,MI,Rural,13932,2575,18.49,28.2,66.0,29.97,2.26,34.35,18.57,3.98,48.16,11.34,22.25,56.08
42207,CO,Small town,3342,658,19.72,27.73,78.69,36.95,2.01,19.8,22.45,5.03,57.57,10.34,19.12,40.71
42219,IL,Rural,12293,2197,17.87,14.89,58.63,20.07,1.92,47.75,25.17,6.85,53.43,16.62,19.39,62.58
42468,VT,Urban,126112,13026,10.33,26.52,97.76,101.53,2.75,39.66,81.91,9.59,58.96,15.84,12.96,45.43
42696,OR,Small town,16362,3477,21.25,22.99,77.69,60.44,0.61,47.12,32.64,5.91,33.32,15.88,20.07,51.72
42729,CA,Rural,6445,1744,27.06,19.88,73.44,18.79,2.44,22.05,8.23,11.21,60.6,17.38,20.56,73.7
42752,MD,Rural,6206,1603,25.84,35.6,53.81,28.09,2.13,42.92,13.55,9.56,66.37,20.28,20.49,58.87
42828,IN,Rural,12537,2467,19.68,30.03,64.39,24.66,4.02,40.87,7.16,18.94,56.49,21.36,19.82,49.8
42897,FL,Urban,236902,27735,11.71,26.82,91.85,95.63,0.98,39.95,79.37,4.02,60.42,10.8,13.94,29.98
43067,TX,Suburban,61130,11476,18.77,23.61,88.3,68.58,4.51,28.43,50.4,11.11,50.46,16.62,16.11,49.03
43109,NY,Urban,317472,47782,15.05,28.78,96.29,107.41,3.4,54.65,73.36,11.16,64.48,14.07,13.48,41.36
43117,FL,Urban,94974,15256,16.06,32.95,94.59,123.13,1.7,66.7,51.33,6.58,52.91,12.5,11.09,25.78
43175,NC,Rural,10095,1521,15.07,22.04,58.69,29.75,1.92,22.46,8.09,10.86,35.93,11.81,21.55,47.06
43266,MI,Rural,5301,1163,21.94,26.97,60.41,15.68,0.12,48.09,31.13,13.42,63.48,15.65,23.64,68.69
43310,AR,Rural,16089,4577,28.45,32.21,45.59,22.76,1.88,3.0,17.63,10.87,29.12,16.71,27.2,56.68
43470,MS,Rural,8725,1431,16.4,15.38,59.77,24.16,3.23,47.36,13.55,15.76,55.96,17.14,16.21,50.45
43495,GA,Rural,9567,1923,20.1,26.65,53.67,13.04,1.5,11.82,2.0,3.0,46.62,9.45,23.24,68.56
43602,IN,Rural,7471,1540,20.62,24.42,41.89,32.65,4.01,30.65,14.04,7.3,45.73,10.11,12.32,43.97
43792,VT,Urban,219524,31642,14.41,26.2,97.26,103.5,2.65,19.62,58.92,16.11,54.41,22.72,16.5,37.98
43846,OK,Suburban,119502,15960,13.36,23.99,92.45,52.64,6.97,34.98,72.71,13.97,42.07,17.4,12.24,33.53
43866,CT,Small town,16023,3394,21.19,27.83,60.35,51.45,1.05,49.74,20.45,12.55,59.17,13.96,14.56,58.81
43955,TX,Rural,5474,1423,26.0,38.54,52.45,63.51,3.01,12.0,3.66,15.19,52.8,18.23,19.81,57.53
43975,NJ,Urban,353440,41278,11.68,25.06,93.93,78.51,0.5,32.97,41.17,3.22,43.36,17.76,13.25,36.71
44021,UT,Small town,58382,7208,12.35,28.75,69.4,73.66,1.61,30.81,39.37,13.52,70.73,17.96,13.72,56.05
44085,PA,Rural,3341,781,23.39,38.97,58.95,8.8,2.77,60.13,25.5,14.54,54.87,9.85,21.39,56.05
44149,LA,Urban,114761,16152,14.08,23.7,90.85,82.02,3.15,44.04,61.34,8.0,60.83,20.83,17.5,40.2
44197,NV,Small town,23346,4522,19.37,37.89,73.32,57.51,1.4,21.52,25.22,20.49,71.83,14.57,15.77,62.8
44269,NV,Rural,9290,3036,32.69,27.03,74.19,19.82,4.31,31.4,11.27,11.25,71.6,14.98,20.23,62.43
44314,OR,Rural,11575,2712,23.43,37.69,65.77,43.35,4.97,59.79,27.94,3.0,60.12,9.37,18.81,60.5
44316,IN,Suburban,129237,22038,17.05,31.5,89.75,71.78,1.06,48.0,65.27,11.95,47.76,13.93,19.8,43.22
44431,LA,Rural,5951,1417,23.81,28.84,65.27,25.73,1.65,25.14,14.47,7.76,31.98,14.82,23.19,53.38
44677,IL,Suburban,62271,9670,15.53,26.61,83.3,66.91,1.52,34.26,67.21,14.93,54.89,11.79,10.16,37.97
44756,KS,Rural,1500,264,17.6,23.26,47.49,30.17,1.22,34.71,6.23,12.58,67.32,15.81,22.68,54.92
44798,DE,Suburban,42098,5541,13.16,27.45,82.04,62.48,4.76,30.47,51.39,8.23,56.96,17.16,14.93,28.56
44860,AK,Small town,1500,184,12.29,32.38,78.84,30.53,4.72,14.06,32.78,16.21,12.0,15.38,21.19,55.18
44862,WV,Suburban,122842,16743,13.63,26.92,75.36,38.12,1.56,28.51,49.09,14.07,64.18,13.15,15.65,48.66
45263,AR,Suburban,171401,30781,17.96,25.1,90.11,57.94,3.0,57.45,79.58,7.35,65.04,13.59,18.38,24.03
45276,VT,Rural,5259,1333,25.35,25.5,41.84,51.78,3.98,32.66,15.03,9.92,47.78,14.12,26.56,68.32
45298,AL,Suburban,16826,3010,17.89,32.95,85.65,93.85,2.28,36.55,41.18,12.46,65.84,14.5,15.83,34.67
45305,SC,Urban,397124,57839,14.56,34.35,96.53,74.56,1.46,39.97,63.48,9.12,60.79,11.68,15.53,39.33
45454,LA,Suburban,153994,32677,21.22,23.0,80.63,63.56,0.99,69.05,65.61,9.23,42.4,15.99,15.5,55.75
45490,NE,Rural,12385,2498,20.17,22.99,58.95,31.28,3.21,38.12,9.05,10.64,69.8,16.74,13.75,65.37
45512,IA,Rural,14133,3073,21.75,29.28,52.79,29.3,0.55,53.32,13.13,6.45,34.26,10.92,25.07,68.73
45807,MT,Rural,8991,2246,24.99,36.17,71.09,38.77,1.5,29.63,17.72,3.0,51.2,9.88,21.37,62.45
46229,MS,Suburban,102003,17512,17.17,33.88,98.45,69.98,1.29,34.37,49.05,11.41,49.8,15.9,13.76,31.08
46289,NE,Small town,8694,1652,19.01,19.49,70.87,42.76,0.51,38.18,23.27,3.0,40.44,9.79,13.9,60.85
46464,MA,Urban,119611,15248,12.75,25.42,99.0,60.08,1.76,27.16,74.56,6.73,56.25,14.14,17.01,16.09
46483,NV,Small town,41477,5930,14.3,21.42,71.67,69.62,1.62,35.15,42.88,3.77,70.35,16.18,18.86,56.84
46557,TN,Rural,7504,2124,28.31,25.39,56.91,27.2,0.81,50.43,10.03,4.24,69.47,12.54,15.56,56.18
46656,MN,Rural,5320,1357,25.52,36.63,43.17,24.3,4.63,26.79,20.86,12.12,62.13,12.81,25.4,81.87
46675,ME,Small town,36471,8929,24.48,18.46,68.63,55.08,3.23,38.0,35.3,9.66,28.26,15.84,15.99,49.39
46748,CT,Suburban,38838,3876,9.98,17.29,88.31,61.61,1.95,47.92,46.55,9.52,33.3,14.36,12.36,36.99
46811,ME,Rural,6015,1157,19.25,22.03,62.58,39.5,3.58,26.46,15.22,5.5,54.33,12.82,16.46,36.34
46834,CT,Small town,17350,2764,15.93,28.72,71.17,53.17,4.19,53.34,27.73,8.01,51.52,15.39,24.13,45.36
46838,FL,Urban,473478,73402,15.5,30.72,91.13,71.76,4.78,39.02,57.14,11.93,45.03,17.5,11.96,33.55
47224,WV,Suburban,20204,2605,12.9,29.62,93.01,54.92,1.04,35.69,44.39,10.3,78.67,15.21,15.44,47.83
47281,CA,Urban,228100,30450,13.35,34.05,98.7,99.33,3.58,9.89,73.17,13.63,53.48,16.3,18.45,27.41
47331,MO,Suburban,69751,10525,15.09,16.42,79.83,47.84,1.63,32.77,24.12,14.17,59.59,21.83,17.34,49.59
47548,TN,Urban,80821,10316,12.76,34.13,93.82,121.7,2.22,43.2,76.93,9.54,65.83,17.82,10.56,38.4
47622,WV,Small town,22647,4490,19.83,25.13,62.4,74.54,1.09,62.43,15.64,3.46,52.77,14.47,19.13,60.24
47776,DE,Small town,39762,7304,18.37,31.39,84.22,23.63,1.87,45.95,27.26,7.62,88.0,14.38,24.31,45.37
47975,FL,Suburban,117132,14563,12.43,19.06,86.14,59.11,3.62,53.77,51.65,10.13,38.83,12.54,17.24,35.8
48068,MD,Small town,19629,4988,25.41,27.03,76.2,52.91,5.62,21.07,7.33,7.55,43.51,16.84,15.63,55.69
48100,NH,Rural,7159,2325,32.48,28.42,91.65,12.05,1.73,36.22,10.53,6.49,38.8,13.96,19.64,38.62
48152,WI,Rural,9185,2625,28.58,33.93,54.72,6.32,0.84,55.09,24.5,10.77,73.88,13.86,23.53,60.62
48244,ID,Small town,31488,5709,18.13,17.49,62.77,58.99,6.19,25.57,27.54,19.74,63.23,18.29,11.26,40.58
48261,FL,Suburban,96629,13389,13.86,27.18,84.51,40.05,1.01,51.51,48.16,8.64,44.38,12.04,23.47,36.95
48576,IN,Rural,3603,745,20.69,20.49,25.0,46.22,0.34,48.27,8.09,10.49,39.91,17.84,23.28,56.75
48764,UT,Suburban,109595,13710,12.51,30.03,82.11,63.68,1.17,41.85,34.5,5.51,71.39,14.91,16.53,25.6
49140,AK,Suburban,54880,11556,21.06,31.66,96.55,76.84,4.05,33.4,52.02,15.22,57.06,17.54,17.8,27.48
49786,MD,Rural,17495,4417,25.25,34.72,47.06,32.96,0.95,24.19,23.52,13.82,71.75,16.42,24.67,73.72
49874,CO,Small town,7566,1710,22.61,23.79,78.17,27.11,0.64,62.86,30.16,13.56,51.16,14.72,26.19,46.03
50033,DE,Rural,1500,271,18.1,32.56,69.08,9.78,2.07,46.85,9.82,15.67,59.16,11.94,27.5,80.64
50082,VA,Small town,41319,8025,19.42,35.17,57.33,59.87,5.62,42.77,15.29,8.88,56.2,11.02,12.36,49.15
50095,AL,Rural,17750,4164,23.46,17.14,42.14,15.98,2.69,32.22,2.0,9.35,43.26,12.88,18.14,57.26
50161,KY,Suburban,62277,9996,16.05,30.67,94.16,79.05,0.54,38.53,41.66,17.0,49.98,15.57,17.98,34.17
50179,VA,Suburban,136140,20483,15.05,32.75,85.15,62.33,7.66,40.31,33.44,12.9,35.42,16.89,16.15,25.1
50329,NM,Suburban,75722,13375,17.66,25.45,97.34,80.35,2.46,43.6,58.29,3.0,58.92,14.23,21.58,60.9
50435,AR,Urban,253362,43251,17.07,19.74,90.82,125.85,3.77,48.28,76.69,12.23,62.66,15.57,16.54,34.77
50574,MS,Rural,5751,1235,21.48,32.66,60.57,18.08,0.42,27.05,13.74,8.29,65.86,17.84,18.55,57.1
50683,WI,Suburban,136210,21863,16.05,19.8,89.85,59.39,6.81,17.47,39.93,13.91,61.33,14.61,15.6,31.97
50845,MA,Small town,46598,7000,15.02,25.93,70.2,57.52,1.38,39.18,34.94,12.05,50.21,15.48,14.61,39.72
51012,NE,Rural,6099,1041,17.08,26.76,60.4,36.99,0.38,13.54,12.57,3.89,73.73,12.43,18.32,61.82
51421,NV,Rural,5956,990,16.63,31.29,60.48,13.98,2.26,33.47,19.15,11.52,64.49,18.34,20.74,58.14
51512,ND,Small town,41605,9380,22.55,23.24,63.19,54.66,3.77,30.87,21.23,11.3,71.44,15.78,20.4,43.66
51780,GA,Small town,53282,10974,20.6,22.89,59.86,44.98,2.99,44.88,21.2,11.88,72.32,16.09,14.68,41.67
51906,TX,Rural,10245,2505,24.45,27.59,54.03,27.9,2.95,65.76,2.0,12.69,50.24,11.94,10.7,82.0
51923,WY,Rural,2923,869,29.73,33.04,56.0,14.08,2.8,10.78,14.52,16.18,57.43,15.22,16.16,57.6
51997,CT,Rural,7597,2108,27.75,40.72,70.58,12.42,2.11,69.84,11.58,12.07,62.84,18.57,19.47,68.51
52013,TN,Rural,5642,1471,26.08,17.96,49.37,17.51,0.42,34.74,13.22,10.59,35.91,10.05,16.95,48.29
52054,TN,Rural,12913,2440,18.9,28.89,74.21,16.35,1.61,42.87,12.09,14.86,36.22,20.3,21.63,73.81
52057,PA,Suburban,51156,9235,18.05,20.48,84.78,54.47,1.43,18.19,48.95,19.02,33.81,19.86,12.89,35.55
52358,MD,Small town,29229,6232,21.32,33.11,73.71,40.4,4.79,51.96,12.62,13.98,50.49,14.72,15.45,42.93
52369,MS,Urban,278433,30075,10.8,21.37,85.66,104.62,4.06,38.58,81.89,11.28,47.33,13.43,9.53,23.14
52432,TX,Rural,1500,299,19.99,22.95,31.76,18.6,1.28,37.14,16.97,12.14,31.9,20.6,16.0,62.42
52524,DE,Rural,1500,362,24.16,23.46,70.95,17.27,3.36,10.88,2.0,11.47,54.09,19.12,18.15,54.18
52566,TN,Small town,31316,7159,22.86,26.54,67.07,63.92,1.8,39.03,12.74,10.57,50.66,14.93,14.73,47.98
52622,WA,Small town,39946,6035,15.11,28.94,70.27,63.89,0.34,49.84,17.53,18.73,68.55,18.83,19.59,52.22
52635,OH,Urban,384500,72334,18.81,29.9,94.44,98.83,0.12,34.69,59.91,7.65,80.18,12.45,11.07,45.49
52674,LA,Rural,16391,4043,24.67,26.97,47.66,26.8,3.07,54.44,7.08,14.89,58.39,17.29,18.6,62.61
52759,NH,Urban,293271,41398,14.12,19.02,86.07,94.52,0.73,53.86,58.03,10.02,42.25,13.32,11.33,31.69
53167,AZ,Urban,83117,11769,14.16,31.37,94.65,98.42,0.72,29.02,89.01,4.87,61.05,12.75,17.61,42.33
53452,WA,Suburban,1500,286,19.11,26.68,85.45,68.96,1.03,60.33,25.68,9.78,52.13,19.44,15.9,27.9
53500,LA,Urban,232716,39014,16.77,33.97,96.9,82.43,3.12,38.63,63.24,8.42,48.64,14.13,20.13,35.4
53602,AZ,Small town,59243,9613,16.23,22.75,82.8,69.53,4.09,38.7,35.63,12.69,39.94,13.46,11.77,49.49
53763,SC,Small town,23486,5045,21.48,17.39,89.6,13.81,4.03,39.39,27.5,10.85,45.5,11.92,19.28,35.53
53826,ND,Suburban,49090,5444,11.09,26.8,85.95,75.92,0.3,38.97,50.34,6.62,49.51,13.96,13.88,34.27
53858,NY,Urban,213212,26980,12.65,34.78,96.2,77.55,0.99,3.0,54.87,16.09,63.26,15.53,12.67,27.01
53947,AZ,Urban,178813,24865,13.91,27.97,99.0,108.0,0.85,35.4,88.21,14.64,59.15,17.47,13.27,43.45
54020,PA,Suburban,92538,13713,14.82,25.8,90.8,80.98,3.12,18.9,67.58,16.53,77.56,13.56,21.41,41.39
54186,NC,Urban,311187,49044,15.76,21.78,94.78,114.59,1.01,60.77,50.31,11.4,61.44,17.29,9.06,35.5
54256,SC,Rural,7674,1738,22.65,37.55,67.16,52.97,1.7,60.21,15.99,10.36,57.94,12.5,18.9,48.05
54348,TN,Suburban,60571,9556,15.78,20.82,87.99,72.57,3.33,49.93,53.04,13.17,47.71,16.39,10.67,37.06
54355,ID,Suburban,99688,17024,17.08,22.65,85.87,60.83,1.97,34.66,57.75,8.31,37.48,13.48,11.37,35.68
54359,ID,Suburban,43896,4824,10.99,30.42,82.01,69.95,2.45,23.89,57.51,10.99,44.02,19.69,14.16,53.88
54432,WA,Small town,39951,7120,17.82,15.86,68.96,16.06,1.65,28.79,36.8,9.83,42.2,15.36,17.47,62.86
54494,NV,Urban,260889,30372,11.64,34.65,95.12,91.03,3.8,65.2,59.13,4.95,16.15,17.84,14.45,30.03
54565,MN,Urban,464238,62349,13.43,30.75,86.21,97.17,4.07,28.31,65.52,10.98,37.88,16.8,14.0,46.14
54677,KS,Rural,17779,3365,18.93,32.4,57.37,47.56,2.8,5.02,3.4,8.82,74.43,18.09,13.24,63.17
54703,NC,Urban,365555,52108,14.25,30.35,90.36,45.53,4.08,52.42,68.26,9.58,57.16,14.31,16.67,33.75
55094,PA,Small town,12241,2425,19.81,26.03,87.51,50.1,9.35,59.01,37.3,11.88,46.73,16.62,19.6,53.14
55477,AL,Small town,26144,6222,23.8,20.62,70.02,43.84,3.29,61.23,31.55,15.34,57.58,20.18,12.78,57.58
55570,NH,Suburban,79374,12409,15.63,26.16,90.53,61.22,1.85,52.54,35.75,7.27,24.65,16.17,15.73,40.99
55625,WY,Small town,19566,4588,23.45,21.15,85.12,71.4,2.49,54.82,16.54,9.22,55.95,16.02,16.44,59.76
55641,IA,Rural,1800,424,23.57,29.92,63.34,50.06,4.37,38.74,10.82,7.59,69.88,13.22,15.69,56.64
55830,IA,Rural,15344,3246,21.16,31.84,53.2,25.77,1.37,8.93,5.82,7.35,50.3,13.54,21.86,71.23
55936,VT,Suburban,86012,11927,13.87,35.86,86.88,47.48,1.27,38.39,21.29,8.24,27.19,17.14,14.21,37.12
